{
  "alekiships:block": null,
  "alekiships:brewing_stand": null,
  "alekiships:furnace": null,
  "alekiships:jukebox": null,
  "alekiships:note_block": null,
  "corpse:corpse": null,
  "firmaciv:barrel": null,
  "firmaciv:tfc_chest": null,
  "firmalife:barrel_press": null,
  "firmalife:cheese": null,
  "firmalife:drying_mat": null,
  "firmalife:fruit_tree_sapling": null,
  "firmalife:hanger": null,
  "firmalife:jarbnet": null,
  "firmalife:oven_bottom": null,
  "firmalife:oven_top": null,
  "firmalife:shelf": null,
  "firmalife:solar_drier": null,
  "firmalife:string": null,
  "firmalife:tumbler": null,
  "firmalife:vat": null,
  "firmasupps:candle_holder": null,
  "firmasupps:fire_pit": null,
  "firmasupps:sconce": null,
  "firmasupps:sconce_lever": null,
  "firmasupps:sconce_wall": null,
  "jade:block_face": null,
  "jade:distance": null,
  "jade:mod_name": null,
  "jade:object_name": null,
  "jade:registry_name": null,
  "minecraft:animal_owner": null,
  "minecraft:armor_stand": null,
  "minecraft:beehive": null,
  "minecraft:block_display": null,
  "minecraft:block_states": null,
  "minecraft:brewing_stand": null,
  "minecraft:campfire": null,
  "minecraft:chicken_egg": null,
  "minecraft:chiseled_bookshelf": null,
  "minecraft:command_block": null,
  "minecraft:crop_progress": null,
  "minecraft:enchantment_power": null,
  "minecraft:energy_storage": null,
  "minecraft:entity_armor": null,
  "minecraft:entity_health": null,
  "minecraft:falling_block": null,
  "minecraft:fluid_storage": null,
  "minecraft:furnace": null,
  "minecraft:harvest_tool": null,
  "minecraft:horse_stats": null,
  "minecraft:item_ber": null,
  "minecraft:item_display": null,
  "minecraft:item_frame": null,
  "minecraft:item_storage": null,
  "minecraft:item_tooltip": null,
  "minecraft:jukebox": null,
  "minecraft:lectern": null,
  "minecraft:mob_breeding": null,
  "minecraft:mob_growth": null,
  "minecraft:mob_spawner": null,
  "minecraft:note_block": null,
  "minecraft:painting": null,
  "minecraft:player_head": null,
  "minecraft:potion_effects": null,
  "minecraft:progress": null,
  "minecraft:redstone": null,
  "minecraft:tnt_stability": null,
  "minecraft:total_enchantment_power": null,
  "minecraft:villager_profession": null,
  "minecraft:waxed": null,
  "minecraft:zombie_villager": null,
  "supplementaries:hat_stand": null,
  "supplementaries:present": null,
  "supplementaries:safe": null,
  "tfc:animal": null,
  "tfc:axle": null,
  "tfc:barrel": null,
  "tfc:bellows": null,
  "tfc:blast_furnace": null,
  "tfc:bloom": null,
  "tfc:bloomery": null,
  "tfc:boiling_cauldron": null,
  "tfc:candle": null,
  "tfc:candle_cake": null,
  "tfc:charcoal_forge": null,
  "tfc:chested_horse": null,
  "tfc:clutch": null,
  "tfc:composter": null,
  "tfc:crankshaft": null,
  "tfc:crop": null,
  "tfc:crucible": null,
  "tfc:decaying": null,
  "tfc:electric_forge": null,
  "tfc:encased_axle": null,
  "tfc:fire_box": null,
  "tfc:firepit": null,
  "tfc:fish": null,
  "tfc:fishing_hook": null,
  "tfc:frog": null,
  "tfc:fruit_tree_sapling": null,
  "tfc:gearbox": null,
  "tfc:hand_wheel": null,
  "tfc:hoe_overlay": null,
  "tfc:horse": null,
  "tfc:hot_poured_glass": null,
  "tfc:ingot_pile": null,
  "tfc:jack_o_lantern": null,
  "tfc:kiln": null,
  "tfc:lamp": null,
  "tfc:lava_basin": null,
  "tfc:loom": null,
  "tfc:mud_bricks": null,
  "tfc:nest_box": null,
  "tfc:ocelot": null,
  "tfc:pack_predator": null,
  "tfc:pit_kiln_above": null,
  "tfc:pit_kiln_internal": null,
  "tfc:powder_keg": null,
  "tfc:predator": null,
  "tfc:quern": null,
  "tfc:rabbit": null,
  "tfc:sapling": null,
  "tfc:sheet_pile": null,
  "tfc:squid": null,
  "tfc:steam_generator": null,
  "tfc:torch": null,
  "tfc:wall_torch": null,
  "tfc:water_wheel": null,
  "tfc:wet_concrete": null,
  "tfc:wild_animal": null,
  "tfc:windmill": null,
  "tfc_support_indicator:support_indicator": null,
  "tfcgroomer:grooming_station": null
}