{
  "minecraft:frozen_ocean": {
    "temperature": -0.5,
    "isDry": false
  },
  "minecraft:crimson_forest": {
    "temperature": 0.75,
    "isDry": false
  },
  "minecraft:deep_frozen_ocean": {
    "temperature": -0.5,
    "isDry": false
  },
  "minecraft:nether_wastes": {
    "temperature": 1.0,
    "isDry": false
  },
  "minecraft:soul_sand_valley": {
    "temperature": 1.0,
    "isDry": false
  },
  "minecraft:warped_forest": {
    "temperature": 0.75,
    "isDry": false
  },
  "minecraft:basalt_deltas": {
    "temperature": 1.45,
    "isDry": false
  }
}