{
  "minecraft:soul_wall_torch": [
    {
      "properties": {},
      "temperature": 0.75
    }
  ],
  "legendarysurvivaloverhaul:heater": [
    {
      "properties": {
        "lit": "true"
      },
      "temperature": 15.0
    },
    {
      "properties": {
        "lit": "false"
      },
      "temperature": 0.0
    }
  ],
  "minecraft:campfire": [
    {
      "properties": {
        "lit": "true"
      },
      "temperature": 10.0
    },
    {
      "properties": {
        "lit": "false"
      },
      "temperature": 0.0
    }
  ],
  "minecraft:soul_torch": [
    {
      "properties": {},
      "temperature": -1.5
    }
  ],
  "minecraft:smoker": [
    {
      "properties": {
        "lit": "true"
      },
      "temperature": 6.0
    },
    {
      "properties": {
        "false": "true"
      },
      "temperature": 0.0
    }
  ],
  "legendarysurvivaloverhaul:cooler": [
    {
      "properties": {
        "lit": "true"
      },
      "temperature": -15.0
    },
    {
      "properties": {
        "lit": "false"
      },
      "temperature": 0.0
    }
  ],
  "minecraft:furnace": [
    {
      "properties": {
        "lit": "true"
      },
      "temperature": 6.0
    },
    {
      "properties": {
        "lit": "false"
      },
      "temperature": 0.0
    }
  ],
  "legendarysurvivaloverhaul:ice_fern_crop": [
    {
      "properties": {
        "age": "3"
      },
      "temperature": -1.5
    }
  ],
  "minecraft:magma_block": [
    {
      "properties": {},
      "temperature": 12.0
    }
  ],
  "minecraft:lava": [
    {
      "properties": {},
      "temperature": 12.5
    }
  ],
  "minecraft:jack_o_lantern": [
    {
      "properties": {},
      "temperature": 3.0
    }
  ],
  "minecraft:soul_campfire": [
    {
      "properties": {
        "lit": "true"
      },
      "temperature": -10.0
    },
    {
      "properties": {
        "lit": "false"
      },
      "temperature": 0.0
    }
  ],
  "minecraft:torch": [
    {
      "properties": {},
      "temperature": 1.5
    }
  ],
  "minecraft:wall_torch": [
    {
      "properties": {},
      "temperature": 1.5
    }
  ],
  "minecraft:flowing_lava": [
    {
      "properties": {},
      "temperature": 12.5
    }
  ],
  "legendarysurvivaloverhaul:sun_fern_crop": [
    {
      "properties": {
        "age": "3"
      },
      "temperature": 1.5
    }
  ],
  "minecraft:fire": [
    {
      "properties": {},
      "temperature": 7.0
    }
  ],
  "minecraft:soul_fire": [
    {
      "properties": {},
      "temperature": -7.0
    }
  ],
  "minecraft:blast_furnace": [
    {
      "properties": {
        "lit": "true"
      },
      "temperature": 6.0
    },
    {
      "properties": {
        "lit": "false"
      },
      "temperature": 0.0
    }
  ]
}