{
  "minecraft:blue_ice": {
    "thermalType": "COOLING",
    "fuelValue": 30
  },
  "minecraft:coal_block": {
    "thermalType": "HEATING",
    "fuelValue": 270
  },
  "minecraft:ice": {
    "thermalType": "COOLING",
    "fuelValue": 30
  },
  "minecraft:snow_block": {
    "thermalType": "COOLING",
    "fuelValue": 30
  },
  "minecraft:coal": {
    "thermalType": "HEATING",
    "fuelValue": 30
  },
  "minecraft:snowball": {
    "thermalType": "COOLING",
    "fuelValue": 30
  },
  "minecraft:charcoal": {
    "thermalType": "HEATING",
    "fuelValue": 30
  },
  "minecraft:packed_ice": {
    "thermalType": "COOLING",
    "fuelValue": 30
  }
}