{
  "legendarysurvivaloverhaul:melon_juice": [
    {
      "group": "DRINK",
      "temperatureLevel": -1,
      "duration": 1200
    }
  ],
  "minecraft:mushroom_stew": [
    {
      "group": "FOOD",
      "temperatureLevel": 1,
      "duration": 1200
    },
    {
      "group": "DRINK",
      "temperatureLevel": 1,
      "duration": 1200
    }
  ],
  "minecraft:rabbit_stew": [
    {
      "group": "FOOD",
      "temperatureLevel": 2,
      "duration": 1200
    }
  ],
  "legendarysurvivaloverhaul:glistering_melon_juice": [
    {
      "group": "DRINK",
      "temperatureLevel": -2,
      "duration": 3600
    }
  ],
  "minecraft:suspicious_stew": [
    {
      "group": "FOOD",
      "temperatureLevel": 1,
      "duration": 1200
    }
  ],
  "minecraft:melon_slice": [
    {
      "group": "FOOD",
      "temperatureLevel": -1,
      "duration": 1200
    }
  ]
}