{
  "legendarysurvivaloverhaul:melon_juice": [
    {
      "hydration": 8,
      "saturation": 4.0,
      "effects": [],
      "nbt": {}
    }
  ],
  "minecraft:apple": [
    {
      "hydration": 2,
      "saturation": 0.5,
      "effects": [],
      "nbt": {}
    }
  ],
  "legendarysurvivaloverhaul:chorus_fruit_juice": [
    {
      "hydration": 12,
      "saturation": 8.0,
      "effects": [],
      "nbt": {}
    }
  ],
  "legendarysurvivaloverhaul:apple_juice": [
    {
      "hydration": 6,
      "saturation": 3.0,
      "effects": [],
      "nbt": {}
    }
  ],
  "minecraft:rabbit_stew": [
    {
      "hydration": 6,
      "saturation": 2.0,
      "effects": [],
      "nbt": {}
    }
  ],
  "minecraft:beetroot_soup": [
    {
      "hydration": 4,
      "saturation": 2.0,
      "effects": [],
      "nbt": {}
    }
  ],
  "legendarysurvivaloverhaul:purified_water_bottle": [
    {
      "hydration": 6,
      "saturation": 1.5,
      "effects": [],
      "nbt": {}
    }
  ],
  "legendarysurvivaloverhaul:water_plant_bag": [
    {
      "hydration": 3,
      "saturation": 0.0,
      "effects": [],
      "nbt": {}
    }
  ],
  "minecraft:suspicious_stew": [
    {
      "hydration": 4,
      "saturation": 2.0,
      "effects": [],
      "nbt": {}
    }
  ],
  "legendarysurvivaloverhaul:large_canteen": [
    {
      "hydration": 3,
      "saturation": 0.0,
      "effects": [
        {
          "chance": 0.75,
          "effect": "legendarysurvivaloverhaul:thirst",
          "duration": 300,
          "amplifier": 0
        }
      ],
      "nbt": {
        "legendarysurvivaloverhaul:HydrationPurity": "normal"
      }
    },
    {
      "hydration": 6,
      "saturation": 1.5,
      "effects": [],
      "nbt": {
        "legendarysurvivaloverhaul:HydrationPurity": "purified"
      }
    }
  ],
  "legendarysurvivaloverhaul:beetroot_juice": [
    {
      "hydration": 9,
      "saturation": 4.0,
      "effects": [],
      "nbt": {}
    }
  ],
  "minecraft:melon_slice": [
    {
      "hydration": 2,
      "saturation": 1.0,
      "effects": [],
      "nbt": {}
    }
  ],
  "legendarysurvivaloverhaul:golden_apple_juice": [
    {
      "hydration": 20,
      "saturation": 20.0,
      "effects": [],
      "nbt": {}
    }
  ],
  "legendarysurvivaloverhaul:cactus_juice": [
    {
      "hydration": 9,
      "saturation": 3.0,
      "effects": [],
      "nbt": {}
    }
  ],
  "legendarysurvivaloverhaul:golden_carrot_juice": [
    {
      "hydration": 12,
      "saturation": 12.0,
      "effects": [],
      "nbt": {}
    }
  ],
  "legendarysurvivaloverhaul:canteen": [
    {
      "hydration": 3,
      "saturation": 0.0,
      "effects": [
        {
          "chance": 0.75,
          "effect": "legendarysurvivaloverhaul:thirst",
          "duration": 300,
          "amplifier": 0
        }
      ],
      "nbt": {
        "legendarysurvivaloverhaul:HydrationPurity": "normal"
      }
    },
    {
      "hydration": 6,
      "saturation": 1.5,
      "effects": [],
      "nbt": {
        "legendarysurvivaloverhaul:HydrationPurity": "purified"
      }
    }
  ],
  "minecraft:mushroom_stew": [
    {
      "hydration": 4,
      "saturation": 2.0,
      "effects": [],
      "nbt": {}
    }
  ],
  "legendarysurvivaloverhaul:pumpkin_juice": [
    {
      "hydration": 7,
      "saturation": 4.0,
      "effects": [],
      "nbt": {}
    }
  ],
  "minecraft:rotten_flesh": [
    {
      "hydration": -2,
      "saturation": -1.0,
      "effects": [
        {
          "chance": 1.0,
          "effect": "legendarysurvivaloverhaul:thirst",
          "duration": 600,
          "amplifier": 0
        }
      ],
      "nbt": {}
    }
  ],
  "legendarysurvivaloverhaul:glistering_melon_juice": [
    {
      "hydration": 16,
      "saturation": 16.0,
      "effects": [],
      "nbt": {}
    }
  ],
  "legendarysurvivaloverhaul:carrot_juice": [
    {
      "hydration": 4,
      "saturation": 2.0,
      "effects": [],
      "nbt": {}
    }
  ],
  "minecraft:potion": [
    {
      "hydration": 3,
      "saturation": 0.0,
      "effects": [
        {
          "chance": 0.75,
          "effect": "legendarysurvivaloverhaul:thirst",
          "duration": 300,
          "amplifier": 0
        }
      ],
      "nbt": {
        "Potion": "minecraft:water"
      }
    },
    {
      "hydration": 3,
      "saturation": 0.0,
      "effects": [
        {
          "chance": 0.75,
          "effect": "legendarysurvivaloverhaul:thirst",
          "duration": 300,
          "amplifier": 0
        }
      ],
      "nbt": {
        "Potion": "minecraft:mundane"
      }
    },
    {
      "hydration": 3,
      "saturation": 0.0,
      "effects": [
        {
          "chance": 0.75,
          "effect": "legendarysurvivaloverhaul:thirst",
          "duration": 300,
          "amplifier": 0
        }
      ],
      "nbt": {
        "Potion": "minecraft:thick"
      }
    },
    {
      "hydration": 3,
      "saturation": 0.0,
      "effects": [
        {
          "chance": 0.75,
          "effect": "legendarysurvivaloverhaul:thirst",
          "duration": 300,
          "amplifier": 0
        }
      ],
      "nbt": {
        "Potion": "minecraft:awkward"
      }
    },
    {
      "hydration": 0,
      "saturation": 0.0,
      "effects": [],
      "nbt": {
        "Potion": "minecraft:empty"
      }
    },
    {
      "hydration": 6,
      "saturation": 1.5,
      "effects": [],
      "nbt": {}
    }
  ]
}